first_name,last_name,birth_date,uuid,occupation
Dan,Sandoval,1922-01-04T00:00:00,F6DAB617-888F-4854-B370-E5927DD5F6CE,Help Desk Analyst
Hattie,Munoz,1923-02-25T00:00:00,7BDAAF61-F41F-4CE3-9D40-917C9071CEB8,Employee Relations Specialist
Wendell,Neal,1924-09-05T00:00:00,3035E0E9-88B5-409E-A6C1-E38BCC6FF558,Bicycle Designer
Henry,Lloyd,1928-02-25T00:00:00,C83A5AE0-A4F2-4013-A32F-A54D6059A897,Publications Editor
Luis,Sullivan,1929-05-30T00:00:00,45C245CC-CD56-4730-9F7C-5B843C6681B4,EMS Helicopter Pilot
Judy,Wise,1932-05-30T00:00:00,D8DF4194-64E6-4629-B9CF-19266410C03A,Resource Conservationist
Milton,Jimenez,1932-11-09T00:00:00,680EF295-232D-455D-97FB-A7D1E06305C9,Dental Equipment Mechanic
Alice,Watson,1933-10-09T00:00:00,BF1F69FC-F8C0-4467-9A76-DD2ADBDA029B,Assault Amphibious Vehicle (AAV) Officer
Ivan,Wells,1939-02-13T00:00:00,FE85D49C-08B6-4A1A-BEC0-EB51EB6A9848,Jockey Valet
Lynette,Chavez,1944-02-16T00:00:00,FF6A073D-B321-451A-AF6B-16BA6FDD3B15,Sewer Pipe Layer Helper
Yvette,Walters,1947-11-17T00:00:00,A3E97A36-1473-40AE-BA73-9F4D15AB2B14,Topography Technician
Harriet,Thomas,1953-05-19T00:00:00,031B1B6E-D508-4B17-B944-E3DA5C5A1068,Photographic Intelligence Officer
Kent,Rodriquez,1964-12-09T00:00:00,E62694C5-7BA0-4977-B9A4-0740BBD19123,Pie Baker
Carlos,Gross,1971-02-08T00:00:00,CFED782A-C532-45DD-AE11-D1C663115662,Weather Analyst
Alexis,Jacobs,1976-05-22T00:00:00,D1E8D645-026E-44EE-979E-53170EC208FA,Real Estate Assessor
Carlton,Quinn,1977-04-01T00:00:00,3161FDFB-4093-49BC-8CED-DD795671970B,Biophysicist
Nelson,Cunningham,1977-07-25T00:00:00,05815975-D017-46A6-A5E2-8715379083C7,Boiler Coverer Helper
Jon,Hanson,1978-04-06T00:00:00,7CA9BA94-C89A-4826-8EB1-43EADC56B265,Ring Polisher
Bennie,Ray,1978-06-25T00:00:00,C6D92AC3-E859-41D4-B850-A43DBBCA8041,Copy Desk Chief
Angela,Ryan,1980-09-20T00:00:00,6CD3891F-2174-45E8-A9CE-858A7C92E0DF,General Internist
Devin,Padilla,1984-01-04T00:00:00,B59705C5-54B2-4962-8912-AC6A65E16B3B,Preschool Teacher
Alfred,Maldonado,1988-02-07T00:00:00,09784F25-CB1B-4AC8-B688-2E6D09638480,Publications Editor
Emmett,Newman,1989-09-23T00:00:00,57EAE6A7-ADD5-4ECD-A17B-A2A05F5C51B5,Forest Firefighter
Joanna,King,1992-10-12T00:00:00,AB4BA1BE-C9DA-4524-B263-922235FB82BF,Electrical Controls Assembler
Kelli,Sparks,1999-09-11T00:00:00,B7048A93-CF4B-43C8-A2B0-17A3173CCCBC,Fire Prevention Engineer
Lillie,Hawkins,1925-06-28T00:00:00,D319D981-CEB9-470F-9F12-36D8A7DAA806,Blade Grader Operator
Jimmie,Vaughn,1929-06-17T00:00:00,96FA250F-0094-4066-B1D5-1EC36AA630F5,Bodyguard
Alejandro,Henderson,1930-12-09T00:00:00,9BB4FF17-E900-491E-8570-6807812A6FD5,Professor of Rhetoric
Alma,Mitchell,1936-07-17T00:00:00,2804FAAF-9D9B-4A9A-91A0-E4480D8647C1,Oil Exploration Engineer
Everett,Harvey,1940-01-21T00:00:00,AC253C0C-9A0E-4E08-92FF-7542CFB79B37,Customer Service Correspondence Clerk
Felicia,Jenkins,1941-03-23T00:00:00,ABC12B35-1429-41B4-87DD-16F7DEABB139,Fire Equipment Operator
Gail,Hernandez,1955-02-04T00:00:00,FE5B8E03-7959-4FB2-A817-BB8A126EFECC,Pharmacy Clerk
Hazel,Riley,1962-07-16T00:00:00,EB4D0548-0300-4BBF-823F-D427472654DD,Aquaculture and Fisheries Professor
Beatrice,Cox,1964-02-27T00:00:00,00EFBEA9-350B-4EDB-84C2-832CE04A72A4,Swatch Maker
Ken,Graham,1966-09-26T00:00:00,EC8894E5-C17C-470F-B1AB-A8C74BDD6159,Acoustical Ceiling Installer
Lucy,Wright,1967-08-21T00:00:00,A452EDF8-05F5-4974-90CD-DF83D9CCB292,Fast Food Fry Cook
Alicia,Russell,1969-07-18T00:00:00,614559FE-92E9-4D8D-8BAF-80344673F525,Textile Slitting Machine Operator
Sammy,Nguyen,1969-09-14T00:00:00,0F7FF80A-008C-496C-9321-0E0FCEAA33BB,Equal Employment Opportunity Representative
Billie,Woods,1971-09-12T00:00:00,737DE23C-5193-4181-94D8-94D11039C6AC,"Environmental Science, Management and Policy Professor"
Lyle,Guerrero,1974-04-22T00:00:00,63ABBFB0-8E9D-4FDD-9B96-F1DB22492010,Window Dresser
Rex,Poole,1981-06-21T00:00:00,84AE1CDB-38D6-4817-B37C-5653403A8155,Terrazzo Layer
Anita,Welch,1983-01-05T00:00:00,BA38A900-297C-4079-A05B-C5ACF9CF0F1B,"Space And Missile Operations, Space Surveillance"
Edward,Payne,1985-02-27T00:00:00,DC48AF7F-F191-4133-9C0E-A54FD7F369F3,Data Processing Clerk
Leslie,Hardy,1985-04-15T00:00:00,DE7CCD76-68C8-4035-876A-C929327D738A,Highway Engineering Technician
Austin,Boyd,1987-09-26T00:00:00,13BF6E8F-73F8-437A-8361-3F46F830A493,Oil Well Driller
Frank,Spencer,1992-09-20T00:00:00,69D185AF-2E96-4924-AD2B-014828E2AE60,Yarn Dyer
Alonzo,Dennis,1993-03-04T00:00:00,F243957D-699F-4BB8-AD67-BF305510A10D,Public Information Director
Carroll,Stevenson,1997-11-16T00:00:00,99C17086-77B7-422B-BB0A-23078CDB2169,Grader Operator
Donna,Hunter,1998-04-19T00:00:00,CAB90623-2E4C-4323-960F-465A465B3628,Soil Fertility Extension Specialist
Molly,Jennings,2001-07-28T00:00:00,0D2E4B1C-0EEC-4B61-A219-5E208827F7FB,Printing Machine Operator
Brad,Herrera,1923-03-10T00:00:00,B50BC5CD-9183-4E6E-990C-752A1327662B,Warrant Clerk
Veronica,Stephens,1927-08-23T00:00:00,EB4EEFCF-8762-4A30-83DF-1EE3DD10CCD3,Sewage Screen Operator
Ed,Davidson,1927-11-03T00:00:00,FDAD9435-DA7D-4E44-99A6-94791A34F360,Aviation Maintenance Instructor
Kristen,Houston,1930-04-22T00:00:00,C5805BB5-82FC-49EB-9414-DEBE7D6B5C29,Transportation Planning Technician
Jordan,Wilson,1931-01-25T00:00:00,B07F67E8-671E-4BCB-827C-442C0D3D9A2F,Reconnaissance Man
Claude,Mendez,1932-06-18T00:00:00,DD7FC23B-64C4-473E-A1DF-3310B9C51569,Bag Machine Adjuster
Latoya,Murphy,1939-12-20T00:00:00,D464C3C2-4E3B-4A51-8A18-C33623CD7960,Information Operator
Alfredo,Moody,1941-11-06T00:00:00,E747A2F4-AD43-4987-BF33-7A3808A4D8A3,Physical Anthropologist
Vivian,Klein,1948-09-23T00:00:00,30B1FE38-0378-4535-951B-6FEC14C95B9F,Hydraulic Plumber
Hannah,Hamilton,1951-02-04T00:00:00,B3F5F521-0C07-4DCA-B562-81D555F0AA79,Wholesale Ultrasonic Equipment Salesperson
Jill,Lynch,1951-06-11T00:00:00,1E3C95AF-68D1-4DAE-85EC-7F1234309B61,Missile Pad Mechanic
Cecelia,Bell,1954-11-04T00:00:00,FD9F23E6-4875-4140-AE03-8BD0BC76C9E3,Auto Service Station Attendant
Lindsay,Colon,1955-12-11T00:00:00,4443B1AE-E588-4F03-BF0F-5F7C105E6596,Funeral Arrangement Director
Annie,Pierce,1956-07-25T00:00:00,4198748C-FAF4-45AF-A37A-292CF429C120,Lobster Catcher
Colin,Kim,1959-02-08T00:00:00,F69BDA18-8369-49E9-A918-EAAD28F5639D,Veterans Service Officer
Leigh,Barber,1960-01-12T00:00:00,961649AE-D6A7-4892-9131-92BA9F42DCD1,Ceramic Engineering Professor
Margaret,Austin,1971-02-05T00:00:00,F5C47810-F2D4-470C-88EA-2C10CEB98EDE,Bus Washer
Angelica,Reed,1971-10-26T00:00:00,F1440097-1EA2-4A6A-815D-309A40ECC5A5,Notary Public
Diana,Craig,1977-01-10T00:00:00,38768D89-6762-4CB1-99B8-A62AA9B877F6,Steamfitter
Andrew,Wolfe,1977-12-17T00:00:00,53536297-566E-4549-8BE8-4710F58F89D9,Power Lineworker
Derrick,Jones,1986-01-17T00:00:00,A567AD9A-D2C2-4BF8-853C-40BB63607F15,Sound Cutter
Charlene,Guzman,1990-05-26T00:00:00,9BA09F4D-ECAD-4BDD-B0B7-224CD2D00024,Feltmaker
Elvira,Peters,1991-07-21T00:00:00,8C157AC9-44DB-4A20-B39D-72B21BA158CA,Greenskeeper Laborer
Mack,Dixon,1992-12-23T00:00:00,851C1ED2-DB40-4DFE-AEAC-6A0AADE1420C,Web Content Developer
Irma,Moran,1993-11-14T00:00:00,9607201A-08BE-4FE2-ADA8-4A0210EEE6A8,Cellist
Nick,Carlson,1922-06-28T00:00:00,E4D87743-0F22-48F8-B529-69822D5BC166,Armor Reconnaissance Vehicle Crewman
Linda,Montgomery,1926-08-01T00:00:00,6441FFA7-8339-4407-9188-A9969111ED0E,Application Integration Engineer
Tracy,Maxwell,1929-07-28T00:00:00,719890AA-87D6-4DC7-A1C1-987F610B73E3,Primary Education Professor
Bill,Morris,1936-06-20T00:00:00,6E788244-D833-4047-AAB8-043AAB8F7EF8,Cardroom Manager
Melinda,Baker,1937-03-23T00:00:00,FB79DFEE-1BE2-403E-BBCF-14DA49285482,Department Secretary
Candace,Price,1938-03-01T00:00:00,89439C42-8999-4328-9548-690A59379ABE,PACU Nurse
Doug,Morgan,1940-09-24T00:00:00,153E6160-B91A-4841-BC54-17414B7A7F5A,Geophysical Manager
Leah,Romero,1947-09-25T00:00:00,1C8FB264-59A6-4981-8F39-814F16EB233A,Processing Archivist
Rachel,Simmons,1952-04-15T00:00:00,5DCC4B6B-41DC-4128-9C17-19148A69F5E6,Airline Radio Operator
Katrina,Sherman,1953-06-23T00:00:00,66A294E7-4EC2-4319-A652-D9A920404C3A,Government Professor
Mercedes,Jensen,1954-02-17T00:00:00,7FE50C75-ACEB-4C02-BAD5-2312713A6BE0,Locksmith
Fred,Ford,1956-05-26T00:00:00,0906E156-217E-44CB-9412-6A69FAF819D3,First Aid Instructor
Marilyn,Anderson,1959-12-15T00:00:00,89D51306-029D-4F58-A7EF-EA8D8E6FB17C,Fiberglass Luggage Molder
Krista,Fowler,1961-04-07T00:00:00,D9AA8952-76A3-4B66-959B-548BF2C244E5,Naturopathic Doctor
Claudia,Bowers,1964-05-27T00:00:00,74FED370-FBDF-456C-9904-46105A31E977,Ship Purser
Bryan,Griffin,1965-12-11T00:00:00,E08C40C5-07E1-4A13-BCB5-52756D1FE88D,Budget Examiner
Bonnie,Garza,1972-02-14T00:00:00,740EA100-2F71-4243-9872-8C6669FF460D,Roof Bolter Operator
Juana,Perkins,1977-12-12T00:00:00,94ED2FE2-A6AF-4EEE-B292-F102EDC5AB21,Clinical Laboratory Science Professor
Theresa,Miller,1981-08-26T00:00:00,1754476A-C19B-4113-A522-6296F8F6981A,Construction Health and Safety Technician
Victor,Gonzalez,1985-12-22T00:00:00,F4C59F24-0566-4FF7-85D6-94A47E04A9D7,Snowblower Mechanic
Heather,Mcdonald,1989-10-29T00:00:00,FF6C5169-BFFC-4AC3-B053-6FFD171C6E00,Concrete Sculptor
Elijah,Doyle,1996-11-24T00:00:00,396CD500-7D36-4C8B-A2AB-7AD7C75D464E,Booking Agent
Roberta,Blair,1997-03-27T00:00:00,C95514DF-34EF-4864-9D81-F7B42ECF7FE0,Rat Exterminator
Pedro,Watkins,1999-06-03T00:00:00,0ACC174D-A635-4FBF-858E-9D8BC23C8FE7,Ornamental Plasterer
Bradley,Cain,2002-08-26T00:00:00,F82FF851-C14F-4902-80B2-DAE42FE79DF2,Subsurface Augmentee Operator
Jonathan,Martin,1922-09-21T00:00:00,E0A15BF6-0EDF-46E2-91E5-D6D0328F580A,Health Physicist
Kari,Medina,1925-06-02T00:00:00,1FF76152-851D-4B50-890B-53F449C3EF08,Laundry Equipment Operator
Brooke,Haynes,1929-05-17T00:00:00,3DAD04B5-7ECE-4D53-B58C-83708C316D19,Family Therapist
Ora,Page,1930-03-24T00:00:00,4F914478-5E5A-4786-B246-A4DE9AC12303,Interior Surface Insulation Worker
Jessie,Nelson,1932-06-19T00:00:00,B34A968A-88C7-4B81-9BDF-51C7076B3145,Air Analysis Engineering Technician
Roxanne,Delgado,1932-07-21T00:00:00,DAA3BCEC-1940-47F7-BA88-B62CA1C38588,Telephone Switchboard Operator
Tyler,Russell,1936-05-28T00:00:00,DCEDFAB1-ECC7-460A-AF69-3BA92355116E,Weapons
Daniel,Burgess,1937-08-16T00:00:00,138ABB2B-C3EA-40C4-8139-A153DACC6C85,Fiberglass Ski Maker
Jenna,Herrera,1937-12-02T00:00:00,814A7FAC-C5F8-4639-A2DA-FF9CEB0F2699,Cop
Marta,Coleman,1938-02-07T00:00:00,DC23B7F6-6132-4CA2-8B10-96F6445718D3,Sales Route Driver
Angelo,Allen,1941-11-16T00:00:00,B9472DD2-D888-409F-ACD5-44CF13D0E727,Television Repairer
Lorraine,Rogers,1942-12-16T00:00:00,37547128-EE05-499C-8936-F3A5DD9B601E,Check Out Cashier
Willie,Chambers,1946-10-18T00:00:00,60F86CCF-9217-4EF5-8AA1-FF93D5163485,Bilingual Kindergarten Teacher
Tammy,Reid,1953-07-11T00:00:00,D36D9DE3-FC7F-49C8-86F1-AB97270BB4BC,Residential Advisor
Patti,Smith,1954-11-28T00:00:00,8861AC81-3220-4E9C-A9B2-B761ADBD88B5,Reforestation Worker
Yvonne,Lopez,1955-07-26T00:00:00,935F8CF7-562B-46E5-9E91-820A0C671428,Waste Minimization Technician
Darrel,Gill,1960-07-23T00:00:00,A4E8FECD-BEF4-4575-BCAC-5FBF3F019536,Production Scheduler
Pauline,Glover,1962-09-22T00:00:00,07094559-69B7-4509-964D-1EEE71B8E869,Coil Former
Pedro,Lucas,1967-04-14T00:00:00,EA43F958-BD7C-438D-B191-E9DA58326EC3,Brazing Machine Setter and Setup Operator
Dominic,Simon,1972-08-12T00:00:00,F1814B48-9088-4842-A63D-38C122A7E141,Pre-Kindergarten Teacher
Joshua,Castillo,1980-02-24T00:00:00,24A71F71-EF99-4BC8-A28C-10946C003727,Target Aircraft Controller
Wayne,Miles,1980-07-27T00:00:00,A81E927E-5EAB-46ED-A252-905743B4293D,Armor Officer
Gilbert,Pena,1984-07-15T00:00:00,19B139C7-6C5F-4A2F-83F6-C0176B3A08E8,Registered Veterinary Technician
Salvatore,Montgomery,1985-05-22T00:00:00,26D2CDA7-29C7-427D-A704-E009598B40F0,Medicare Interviewer
Kelley,Sharp,1988-09-28T00:00:00,61BF8101-D8CD-4918-B22F-377019CF5937,Arresting Gear Operator
Emanuel,Wilkins,1927-02-23T00:00:00,42671D2D-1BB9-4249-A956-A9F163D5B0CC,Sheet Rock Taper Helper
Ervin,Tucker,1937-06-04T00:00:00,C14630D0-998B-4194-99AC-514E965903F4,Formulary Chemist
Velma,Pittman,1938-03-14T00:00:00,D64D2711-0BB4-4AC5-BC54-3D8DF3852EF0,Public Health Nutritionist
Sylvester,Mckinney,1938-06-14T00:00:00,4B806A5F-5252-45BD-802C-59EEE77E73E8,Ranch Hand
Juan,Cook,1940-07-15T00:00:00,A5F519F2-623B-4BAA-B240-86ABE74A13DE,Blind Escort
Jacqueline,Ellis,1944-10-25T00:00:00,FC15CB27-1E6C-45B6-AC95-65F5C7B12C08,Financial Assistance Advisor
Flora,Richards,1950-02-03T00:00:00,90E21CA5-EC43-4F31-9D1A-6F5CC1248D29,Corral Boss
Crystal,Gonzalez,1951-03-21T00:00:00,949D1EB1-7B20-4547-BC5D-4DD6395F204E,Transportation Clerk
Preston,Scott,1953-07-20T00:00:00,A9519B86-91A4-405F-8AD9-4E126B56C411,Hospital Food Service Worker
Kristy,Cortez,1964-03-20T00:00:00,FFC8D4B4-B3DC-4012-B9F0-14A100CD9BA3,Poultry Eviscerator
Todd,Rios,1964-07-07T00:00:00,3CECD229-8833-40B7-A8DC-0F834B158C99,Attorney At Law
Marie,Mendoza,1964-11-02T00:00:00,9E022799-C1D0-4E14-8597-0B6242C6809D,Psychological Operations Officer
Brendan,Watkins,1969-03-03T00:00:00,2E38ED18-EF05-4A9A-BF8C-C08CE734F8CF,Environmental Scientist
Elizabeth,Edwards,1975-09-14T00:00:00,B78F5198-557B-4506-88A1-1A03314C8056,Telesales Specialist
Patrick,Hammond,1976-12-20T00:00:00,53F4DB8A-8635-48B8-BBCA-8992E98BEBC0,Data Analysis Assistant
Dianne,Alexander,1978-01-03T00:00:00,B2E3494D-F344-4771-8AB5-6E6124E04931,Courier
Tony,Blair,1979-05-03T00:00:00,9A8D0D7B-043A-4450-9636-805657BE0581,"Flight Engineer, Helicopter"
Stephanie,West,1995-12-01T00:00:00,F91FDDBA-FA0D-4B0A-8D69-B85B3DD4D69C,Ceramic Engineer
Rosemarie,Gregory,1996-03-14T00:00:00,DD53A5E3-D019-42FD-BB1B-9ED6C7BDC9E8,Clay Mixer
Audrey,Webster,1997-04-19T00:00:00,D56383B9-7510-408D-81A2-277308A414E1,Assault Amphibious Vehicle (AAV) Officer
Bradley,Nguyen,1997-09-06T00:00:00,AB4D4D28-38AA-463E-9560-CA8FEF3814B5,Electrical Timing Device Calibrator
Minnie,Weaver,1998-05-04T00:00:00,E04507D0-2E5A-4879-A8C0-04863D58E37B,Arcade Attendant
Jenny,Harmon,1998-08-20T00:00:00,76E98BF0-170E-48B7-87D5-141EF3EE177B,Tactical Air Defense Controller
Claude,Hudson,2001-06-27T00:00:00,D89A4F4F-F287-4035-8F9A-0BB95619B6CB,Traffic Analysis Technician
Ramiro,Klein,2002-06-30T00:00:00,BF356DDF-984B-411E-8815-186746D065ED,Complaint Clerk
Terence,Stanley,1923-02-14T00:00:00,A9568C9F-52AE-428B-86AD-BA7E35F55558,Echocardiography Technician
Catherine,Long,1927-08-12T00:00:00,A59086CD-0972-47B9-9B6E-64E8D2AFDDF6,Nuclear Monitoring Technician
Irvin,Hamilton,1927-12-10T00:00:00,C44D2971-B62B-4D02-B0C4-58F9AA197D72,Ceramic Engineering Professor
Jeremiah,Newton,1932-03-18T00:00:00,B05A06EB-04EC-421E-A725-29361F634618,Scholastic Aptitude Test (SAT) Grader
Sandra,Franklin,1935-09-23T00:00:00,5525DBFF-9C93-400E-94FC-96E31732720D,Industrial Painter
Vernon,Rodgers,1941-03-06T00:00:00,EA03946E-5DCA-49AB-9C57-1AD924127B00,Commercial Crabber
Nicholas,Bowers,1941-11-13T00:00:00,3A8A70AF-61FE-4070-9855-D363EC70CA3C,Intelligence
Harvey,Miller,1942-02-15T00:00:00,F8C1684D-99B6-4F61-BF79-446FE1B7E1F8,Nephrology Social Worker
Brandon,Bush,1942-04-27T00:00:00,86ED8F9F-2173-4ADE-9D00-88A7B956AE69,Dinkey Engine Firer
Susie,Briggs,1942-05-08T00:00:00,154A473D-002C-4232-8DE6-81029C92B280,GP Doctor
Philip,Horton,1942-06-13T00:00:00,5E0DAF19-1364-449D-BFE1-0A3CCF260666,Meat Counter Worker
Dave,Holloway,1948-11-10T00:00:00,7E080ECC-29AF-4430-B972-62B4AB507FD4,Horse Breeder
Cheryl,Berry,1950-05-15T00:00:00,F7B43D9B-531D-4E34-9412-6AF041F41EA8,Personal Property Assessor
Lyle,Palmer,1953-01-28T00:00:00,8B20E01E-F7C9-4A92-81C2-66868A820BA9,Display Designer
Clyde,Bryant,1958-01-21T00:00:00,0406AD27-743C-4906-B86A-A9310867DC60,Business Process Consultant
Garrett,Sparks,1962-01-19T00:00:00,D34F34F9-DDB9-4000-99D2-7479082699E0,Obstetrician
Kellie,Craig,1962-11-22T00:00:00,86B56F80-3208-4BEE-8C53-0D1C40E8A80D,Draughtsman
Darrin,Hoffman,1979-12-23T00:00:00,9CAF660B-2AE9-4589-A8A6-33EC8B743C62,Nitric Acid Plant Operator
Bernice,Massey,1983-12-29T00:00:00,D34B441D-30D1-40AD-BB82-AFEDF9542DAA,Dynamo Repairer
Lynette,Ortega,1987-04-16T00:00:00,775A0A1F-4FBB-40E2-B9DF-D00CA6DAAABC,Community Health Advisor
Joe,Dixon,1992-04-10T00:00:00,CDB9281A-E312-4421-A3D1-3B3E49DBF905,Ballerina
Arturo,Hogan,1992-07-18T00:00:00,8EF1C029-411C-4DD1-B41A-EDBB2344AA31,Air Conditioning Service Technician
Damon,Holmes,1993-09-11T00:00:00,3482E887-98FA-47FB-B027-FD10974289E1,Licensed Veterinary Technician
Eula,Ross,1997-09-14T00:00:00,1E4154E1-1C40-4830-B1C9-E6DDCC1B228B,Pageant Director
Carolyn,Maxwell,1998-06-10T00:00:00,1001F820-21F0-4C5F-8400-B28489C55377,Flight Steward
Jim,Jordan,1922-07-27T00:00:00,AFD2ED21-7086-485F-8BA9-A8999A92F1C4,Marketing Consultant
Devin,Conner,1922-11-08T00:00:00,BBA7E38C-B103-4926-8BA5-0C4D90110FA1,Gas Storage Operator
Danielle,Paul,1925-02-15T00:00:00,A5871263-8832-4308-8C17-0B4035A0B9D3,Certified Dental Assistant
Bridget,Lewis,1927-03-31T00:00:00,64F526D7-5201-4B50-BE77-15D2F4EEDA38,Building Carpenter
Sara,Williamson,1929-05-09T00:00:00,B4B244AA-63AA-4CA2-A69B-954372501126,Substance Abuse Counselor
Eugene,Gardner,1930-06-07T00:00:00,A46DFF38-2C2F-49A9-B074-D74EC6C6FE14,Research Hydraulic Engineer
Sadie,Nunez,1933-03-23T00:00:00,D0BAE7C0-3DB8-4ED4-AB2B-A7623DFDC3D3,Boiler Room Operator
Jeffrey,Gordon,1935-06-24T00:00:00,A33CEB40-CF86-4E6D-8514-48243AA73880,Pararescue Craftsman
Tamara,Parsons,1935-08-08T00:00:00,04BC33DA-B1CE-48FD-A7D0-B815EB91D7E2,Pulmonary Function Technologist
Lamar,Patterson,1937-03-19T00:00:00,FF6FE918-3BF7-4B12-AA0E-42C4F1EC432E,GED Instructor
Rodney,George,1942-01-04T00:00:00,9465CE04-42F3-46F1-8913-20EA851805CA,Paper Baling Machine Operator
Chester,Simmons,1943-03-24T00:00:00,376FD92D-1A6C-42A1-9380-5875C06F752D,Instructional Materials Director
Nina,Cobb,1947-07-22T00:00:00,6369FA0D-30D6-40FE-9FF6-78D5ABD36148,Sheet Metal Fabricator
Gene,Moore,1954-09-27T00:00:00,7108645B-A304-4523-AB22-965418BB26FC,Independent Film Maker
Janice,Harris,1956-05-13T00:00:00,57F2B129-B7F6-47FE-88E2-19679A539B18,Building Architectural Designer
Miguel,Fisher,1960-03-31T00:00:00,9190E4C5-18C9-4302-809C-513FCE26587F,Janitor Supervisor
Javier,Ortiz,1960-09-09T00:00:00,D98091AD-A966-4721-A08C-C1BF163FDF02,Marine Air/Ground Task Force (Magtf) Intelligence Officer
Teri,Weber,1960-12-05T00:00:00,343A673F-F156-46CA-A736-335CC14EC65F,Anger Control Counselor
Louis,Marsh,1976-06-09T00:00:00,B69A6985-4065-4489-A84B-DEF3C920A5DF,Community Association Manager
Gladys,Santos,1976-07-22T00:00:00,32FB9F2D-44A2-405B-9204-3B344F5C1F9D,Broadcast Producer
Nathan,Gilbert,1977-03-23T00:00:00,0003EFFB-6DBE-48C6-81B3-A1A94796E644,Medical Transcriptionist
Elsa,Gonzales,1979-04-29T00:00:00,181AD2AC-F7C4-4B3A-8BA1-E9BDA12E8CF2,Coil Former
Edwin,Myers,1994-11-07T00:00:00,05E55A30-A3DD-45E5-BF3F-C9CFAECDECDA,Blind Stitch Machine Operator
Willard,Garrett,1995-11-22T00:00:00,EAA2E3AC-C047-4E2A-B49A-653C2C02A39F,Motor Coach Tour Operator
Jamie,Kelley,2001-09-26T00:00:00,C3F5E4AB-FB9F-4FAD-B450-1EBBAF0ED1D3,Activities Concierge
Monique,Blake,1922-11-12T00:00:00,EEEF0A77-F3FD-4959-9E7D-9CE9CCBBA290,Ethnoarchaeology Professor
Cassandra,Powers,1925-06-09T00:00:00,63CE41B0-DAA7-4585-9B10-ADF8E6C21533,Meat Grader
Jackie,Silva,1931-02-04T00:00:00,C50CA4D6-DA44-46E9-8204-0347EAE406BD,Lepidopterist
Rosemarie,Nelson,1936-01-19T00:00:00,D9FF2A82-8CEB-4E49-BD0D-F6A58369BAA2,Wedding Makeup Artist
Carole,Mcguire,1936-02-04T00:00:00,B15EF6C8-7ADB-4546-9A8A-5C9E42575361,House Parent
Oscar,Hammond,1944-07-20T00:00:00,F102005C-7925-4090-84CA-676182793B41,Survey Researcher
Helen,Willis,1947-08-12T00:00:00,C356109A-D75A-4656-A1A1-7673FE07EEBD,Fortune Teller
Violet,Carlson,1950-01-28T00:00:00,4C7EF339-9824-40BD-8E3D-B2E67D4DB000,Subsurface Augmentee Operator
Veronica,Marsh,1951-05-14T00:00:00,E067E802-FA95-4070-91C5-033DC4DBE945,Chemical Engineering Technician
Gina,Hoffman,1951-11-16T00:00:00,B23E6567-998E-4B83-8942-C0D3F75A1D14,Pastry Finisher
Shelia,Jones,1952-09-02T00:00:00,1948CAD7-BA9F-4587-AE55-18A09BFAF2EB,Corporate Trainer
Bessie,Fitzgerald,1953-04-04T00:00:00,E703F266-F77F-420B-8712-4AA1076F05B1,Agricultural Engineer
Maurice,Guerrero,1954-08-29T00:00:00,2A99E9FD-68A8-4707-871E-7BC25629351B,Beach Lifeguard
Lena,Potter,1959-08-08T00:00:00,95F4B3FE-12FC-4E5B-B351-A2C9F4A77234,LPTA
Sheldon,Craig,1962-07-21T00:00:00,6445FA85-ACFB-42D5-99CA-F5DCF39D81D5,Veterinary X-Ray Operator
Krista,Daniel,1970-08-16T00:00:00,4ADC0883-7A13-461C-8E9C-2CF436BD00A3,Wellness Director
Philip,Simon,1977-01-06T00:00:00,A41EF0E8-205C-4F02-ABA2-F2203C101365,Floor Finisher
Sadie,Douglas,1978-12-28T00:00:00,024EA2CE-99FF-455D-B0AC-FADDA4F0968A,Hematology Technician
Armando,Newton,1982-08-13T00:00:00,BEC2161A-834F-498F-8294-2282BCF2B67F,Marble and Granite Polisher
Bonnie,Hodges,1989-03-25T00:00:00,0D8B99E1-7FF5-439C-9348-C1BAD3EEE2A0,Tactical Vehicle Painter
Alexander,Price,1990-03-16T00:00:00,EA9DEF5F-B515-4009-BBE1-45778E83CDD0,Certified Fire and Explosion Investigator
Francis,Barnes,1992-08-07T00:00:00,D0003C32-0390-4664-B60D-3653DBB9C9F5,Cryptanalyst
Jimmy,Gilbert,1993-12-28T00:00:00,32819687-255E-4D26-AF4F-AC4C0488418A,Aerial Sprayer
Leah,Rose,1994-03-07T00:00:00,80C377EE-1E8A-4082-8ED3-690466E70FA1,C-40a Crew Chief
Shelly,Figueroa,2002-05-13T00:00:00,DFB99B8F-E3E3-40BC-A330-8F60FC5B9C63,Fire Sprinkler Installer
Willis,Flores,1930-01-14T00:00:00,BB21F5BB-EA86-45EA-B6C1-E216FD851918,Photography and Prints Curator
Heidi,Lawrence,1934-10-31T00:00:00,7BE79C55-F7AB-411B-8E5F-C8C598FCF5A7,Snack Bar Cashier
Bernadette,Harrison,1936-08-17T00:00:00,F627A6F6-CC17-4F64-8BA5-21829EA0A18B,Steel Pourer
Henry,Marshall,1940-05-14T00:00:00,ADCDE313-3EE6-4B93-9578-E11AE5D93DAA,Magnetic Healer
Andres,Sherman,1955-07-04T00:00:00,2FADD46C-18DC-4FF2-A1F1-2BF16D085143,Tax Attorney
Sue,Garner,1955-09-05T00:00:00,F3EF55BE-193B-4D5B-A213-78EAA1AF60F6,Invoice Control Clerk
Eleanor,Stokes,1955-10-23T00:00:00,34B43C20-9392-4C72-9DE9-D062D64670AF,Oxygen Therapist
Ben,Snyder,1956-12-24T00:00:00,D31274F2-4B86-4FB3-9B91-40157E24527A,Staff Submarine Warfare Officer
Lillian,Sandoval,1958-07-14T00:00:00,D42801D6-4664-43B7-8765-1DDB3102B44E,Behavioral Scientist
Andy,Morris,1959-03-05T00:00:00,9B50AB20-F5D5-4980-ACAA-1ECE5AAD8B9A,Grapple Skidder Operator
Jeanette,Mckenzie,1959-04-13T00:00:00,F90ADEFA-2F05-4928-AEBE-4E13A75C5045,Missile Technician
Margarita,Vaughn,1968-07-05T00:00:00,944EACAA-6139-4206-98E6-736FBDE66F30,Fire Control Officer
Sophie,Quinn,1971-08-11T00:00:00,92879951-CCD4-4B8B-B5DD-22B6FDD6C79C,Milk Tester
Claudia,Reid,1976-10-08T00:00:00,3EDC77CF-1444-4D7D-A123-6CD126932AE4,Registered Dental Hygienist
Randy,Hunt,1976-10-26T00:00:00,63F41C8C-F6C0-4A01-8476-BFB79703EC80,Digital Photo Technician
Irvin,Little,1977-08-01T00:00:00,2C1A77D8-755B-4397-B347-96584548C8EB,Electrophysiology Nurse Practitioner
Iris,Shaw,1978-01-30T00:00:00,073A007B-AD79-4472-8B5A-9AB7D39848E2,Tariff Compiling Clerk
Jermaine,Horton,1980-03-27T00:00:00,936237BE-399C-4028-9B2F-BCF9BF217EB0,Tool Sharpener
Lance,Reyes,1981-02-22T00:00:00,65896089-101C-4C04-AB3E-DC5123E76D22,Percussion Instrument Repairer
Owen,Lloyd,1981-05-29T00:00:00,BC730EB4-4952-482A-9A7C-C09CE254AE2E,Organ Tuner
Adrian,Holmes,1984-08-27T00:00:00,E3C1E7FA-A25E-40C3-A147-C3B9F2794D69,Systems Software Designer
Gordon,Ortega,1989-08-08T00:00:00,0B62CD39-5DDF-42C4-A9D8-385E7AB2572E,Locomotive Electrician
Larry,Neal,1994-11-05T00:00:00,DE4DDBCD-035A-402F-B214-57B33AFCFD33,Medicare Correspondence Representative
Lee,Wright,1995-11-30T00:00:00,62D02A22-0FD9-47CD-B06D-3F09F30528DF,Foreign Exchange Trader
Tomas,Mann,1997-10-04T00:00:00,D0921758-8E82-4DE1-B8AF-AAC5CBECDC1E,Boiler Tester
Grant,Bowman,1922-02-09T00:00:00,1276CBB3-D707-43CB-B713-BC9658AADC04,Combat Information Center Officer
Marianne,Sims,1922-02-15T00:00:00,4ACC808E-2AE6-4DEA-AB02-6438B17A67BF,Gunner's Mate M (Missiles)
Gene,Steele,1929-12-27T00:00:00,30956533-1F23-4043-9EB8-11857DE2F08D,Hotel Guest Service Agent
Taylor,Strickland,1931-09-27T00:00:00,0D43C0F1-9106-4967-A176-2F938E40E016,Newspaper Delivery Driver
Darrell,Erickson,1932-06-09T00:00:00,5F5EFCB9-A58C-4895-BCC0-F6F4550CBDED,Display Advertising Sales Representative
Natalie,Curtis,1933-07-15T00:00:00,F4D568E0-A3E4-4665-872F-0C8DB7F59976,Target Aircraft Controller
Natasha,Roy,1942-12-04T00:00:00,BE7CA0D9-4452-4184-B44B-1DD5AF0D0C64,Geomagnetist
Priscilla,Cain,1944-08-18T00:00:00,A6041BD6-709F-4224-9F2F-055E3E6595B4,Alternative Dispute Resolution Coordinator
Don,Gray,1947-02-27T00:00:00,A3EEC6F1-FFF7-4B80-A3A4-705BD3243267,Gas Main Fitter
Heather,Mitchell,1956-11-16T00:00:00,8B37CF3D-71A5-4753-B58A-3C92C287C89E,Oceanographer
Ted,Gonzalez,1957-05-15T00:00:00,EA9629E3-ECB6-4B28-9729-21FEFC6E70D6,Land Title Examiner
Inez,Dunn,1960-10-19T00:00:00,2D103047-D3DB-4D7A-85AB-B06E38C6ACCE,Mediation Commissioner
Toby,Goodwin,1961-03-27T00:00:00,9E991E3C-7155-4DF9-BB5A-97B491F443BD,Auto Painter
Caleb,Harris,1961-06-22T00:00:00,B21F1D12-9015-4BF7-B7D5-BC0F36A5CA06,Psychotherapist Social Worker
Melanie,Roberson,1963-10-07T00:00:00,E2635D05-6D4F-49C1-B0B1-CE4BAE3418BA,Food Scientist
Leslie,Sparks,1965-05-13T00:00:00,D1ADE28E-E5D5-4C28-9CE6-5A849012F0F1,News Videotape Editor
Dustin,Benson,1974-01-19T00:00:00,220DBD00-096F-437F-828F-B181EF37954B,Fire Safety Inspector
Rebecca,Park,1977-02-03T00:00:00,08A6F169-BFFA-4B46-A731-2A6FC3B0A46B,Professional Soccer Player
Esther,Mullins,1981-10-31T00:00:00,8B5C99E7-42FD-42EF-B6CB-66F4057238D2,Light Rail Transit Operator
Sandy,Caldwell,1988-02-01T00:00:00,967E34AF-BD3C-4BB2-90EF-19AF0B51E096,Kennel Helper
Amanda,Andrews,1988-07-16T00:00:00,C81DDF78-BE92-47FE-83D2-74E43A292BE2,Caddy Master
Aubrey,Hardy,1989-04-12T00:00:00,5C79E490-65DC-401C-9023-EC74F5372444,Newscaster
Josh,Turner,1993-04-01T00:00:00,52D0E9CF-0CB4-4CEF-9C07-02ED3C12B894,Certified Appliance Service Technician
Traci,White,1993-12-06T00:00:00,0CB11643-6CC1-4DF0-A475-35D4C71EA977,Recreational Vehicle (RV) Repairer
Kevin,Soto,1997-08-22T00:00:00,1733612E-E1C0-4556-86F0-9AE93D1DC4E8,Governor
Roberta,Vega,1924-09-14T00:00:00,0D19264D-D032-4855-89B6-63FCA61F35E3,Industrial Photographer
Dolores,Fisher,1932-05-16T00:00:00,EE090225-2800-4673-8EEE-75C7183F20AD,Spinning Doffer
Barry,Rodriguez,1934-12-08T00:00:00,F712080F-6204-42EF-B7BB-FA8E2F4F1823,Hazardous Substances Engineer
Megan,Hudson,1935-05-18T00:00:00,74D9D839-1998-4905-ABF3-393C0906B168,Weapons Military Characteristics Officer
Willard,Harvey,1935-09-04T00:00:00,C76FF3D3-6DB2-4318-9A50-67D7CE8E3178,Horizontal Boring Mill Operator for Metal
Bert,Williamson,1940-11-13T00:00:00,5EB370E5-5E76-46E4-9FDC-F2288C0F358C,Township Clerk
Tamara,Conner,1943-03-28T00:00:00,499401B8-02A4-4453-9365-A856B1791012,Patriot Launching Station Enhanced Operator/Maintainer
Jessica,Hamilton,1946-09-09T00:00:00,0199F1B8-BE56-4617-99E5-19044F97B48E,Jewelry Repairer
Janet,Nguyen,1947-04-19T00:00:00,486C0A8B-EC71-4ECB-900A-A9D33A8030CE,Auditing Clerk
Ignacio,Lane,1953-08-03T00:00:00,056B0FAC-091C-4D06-86F8-8AE9957B0F28,Rubber Extrusion Operator
Sylvester,Pena,1957-03-03T00:00:00,33011DE4-BE12-4E97-A17A-00B309EBC3E4,Acquisitions Librarian
Shaun,Sutton,1958-10-09T00:00:00,312AA012-4421-4A43-9533-4FF35D95A0A2,Kennel Aide
Minnie,Castillo,1959-07-29T00:00:00,5DF1A244-B42A-474A-80E8-4768725DE972,Licensed Private Investigator
Tracey,Byrd,1967-09-12T00:00:00,AE739F82-D650-46F4-938B-B69C145C9638,National Opelint Analyst
Christy,Sanders,1972-04-20T00:00:00,55415D43-2AF3-4701-BC4C-0E9EE107DFB7,Streetcar Repairer
Christie,Warner,1973-11-01T00:00:00,7D2BE196-6F2F-461E-9477-AF1C6679DDCD,Curator
Daniel,Mccarthy,1977-11-09T00:00:00,D7517545-5415-424D-9D9F-D5B4C5E7E670,Parts Counter Clerk
Brian,Schneider,1979-02-28T00:00:00,165E3C99-DCF7-4EA9-AF27-A0A07BC0924C,Scout Sniper
Betty,Berry,1979-05-29T00:00:00,E5A5C1A9-D0A3-40DE-A516-92194621FBC5,Bench Chemist
Bobby,Wheeler,1985-06-26T00:00:00,12204412-8053-47B4-9593-D5A97D58AD38,Facilities Manager
Agnes,Bates,1986-10-07T00:00:00,69E8623D-0C41-4BC4-B311-EBA747DEEFE0,Dog Warden
Garrett,Nichols,1986-12-02T00:00:00,4048686A-9165-428B-A2D7-CD5FF61B4723,Architectural Wood Model Maker
Christine,Ortiz,1988-06-05T00:00:00,EEF7A1DD-72D8-4045-A885-0D1C58093585,Certified Registered Nurse Practitioner
Harry,Becker,1992-05-22T00:00:00,C3B551F6-3138-4433-97D3-83D02073C9D7,Lanscape Architect
Raquel,Ruiz,1994-06-15T00:00:00,EA90FB0B-C9F2-4805-A534-5D8987073297,Physiatrist
Emiko,Lessard,1923-03-24T00:00:00,888851B3-3714-4B48-9C55-05625985F16E,Airborne Mission Systems Superintendent
Mandie,Taber,1926-11-03T00:00:00,DBC11D4B-D5C8-45D3-B096-385EBCAE8763,Ship Purser
Thanh,Shade,1944-07-08T00:00:00,3D085E87-6CDB-4A4E-977E-3085A4BCC6C0,Auto Research Engineer
Jesica,Montero,1945-11-20T00:00:00,361EB49A-47F2-43A9-861E-0D6F8342EEA9,Television News Video Editor
Odelia,Laws,1946-07-10T00:00:00,D344DC30-2999-43C2-B49C-B73D624726D4,Sheet Rock Hanger
Ryan,Gibbons,1950-03-09T00:00:00,4ED9EFC4-618D-42FD-BB9C-96D3CB4E94A7,Geology Professor
Charisse,Nieves,1960-08-27T00:00:00,34BE808C-FC4E-4D98-A3C4-CEBDB7231108,"Chemical, Biological, Radiological, Nuclear (Cbrn)Specialist"
Albertha,Grogan,1961-08-15T00:00:00,D75B40F9-D8CD-4FD0-8D9B-6CCBDC70F918,Community Health Nurse
Cristen,Gladney,1964-01-09T00:00:00,1A8B29F0-0CEB-470D-8AAB-EE52DCBA2D9E,Commercial Credit Reviewer
Ivory,Peeler,1965-10-28T00:00:00,7AD3F625-B0BB-463B-AA9A-1C9789366401,African History Professor
Leonie,Sessions,1965-12-09T00:00:00,A774846E-4BDB-4F54-AF5B-734E893CEDBE,Wind Tunnel Technician
Rhoda,Dyer,1966-04-30T00:00:00,FDCEF816-CB70-4652-9191-6E606F20F018,Gas Main Fitter
Meghann,Sweat,1966-11-01T00:00:00,260379C4-CF5F-4875-A9A0-D23B90D2F1D5,Hat Blocking Machine Operator
Laurene,Poland,1967-03-09T00:00:00,2982FC5F-596F-4DD0-8B3B-1591F9A4650C,Production Control Manager
Noreen,Coronado,1979-04-26T00:00:00,84912868-B32F-4657-8890-4FDEBB5612FC,Continuing Education Director
Shavonne,Tuggle,1983-01-20T00:00:00,42167CE3-F54D-4C61-861D-ED5C4A605C4C,Food Service Supervisor
Pasty,Edge,1983-09-03T00:00:00,82C3E4E1-8605-4707-AE57-809110474D98,Electronic Parts Designer
Garnet,Combs,1983-12-28T00:00:00,6A0E75FB-EE90-4A00-A667-4744C693B3C0,Fruit Sorter
Gala,Stallworth,1987-01-06T00:00:00,EC2752F7-0ADA-4557-800A-8744BBAB435A,Reaming Machine Operator for Plastic
Rubie,Joiner,1991-04-27T00:00:00,795586BF-174C-41E9-8FB6-34D9F062C7B7,Corn Picker
Lettie,Beyer,1992-02-20T00:00:00,829F21D8-31F7-4263-85FB-DBA316E5B648,Clinical Epidemiologist
Earle,Edward,1992-05-01T00:00:00,761E6F0A-69F9-4E8E-A4BD-67C252A4BD0C,Movie Critic
Dane,Hallman,1992-06-06T00:00:00,3A1B02EE-A217-44C6-B209-F564B2F4BADA,"Heating, Ventilation, and Air Conditioning (HVAC) Sheet Metal Installer"
Trudi,Matney,1996-08-02T00:00:00,FA7C63C7-0C08-439D-966E-3AB8ACAE8A91,Paintings Conservator
Izetta,Caraballo,2002-10-25T00:00:00,68ED55B1-03DB-47E7-860E-6562ADE95A92,Carpentry Instructor
Gayla,Gagnon,1931-06-30T00:00:00,6005B311-410B-451C-AC20-E281F9868E3F,Airborne Mission Systems Superintendent
Mozelle,Skinner,1936-09-12T00:00:00,26347392-3F35-4200-93A0-98E141044C38,Ship Purser
Susanna,Saucedo,1938-02-20T00:00:00,3E43338B-D753-4F4C-923F-A55AB459D65D,Auto Research Engineer
Lisandra,Pettigrew,1938-05-23T00:00:00,B239E9CF-DA76-4C85-890D-2FF9C6D076AF,Television News Video Editor
Julieann,Bedard,1940-12-25T00:00:00,CA1B4924-7D58-45A7-B3B1-0A6AF7CE794F,Sheet Rock Hanger
Fidel,Smothers,1942-12-31T00:00:00,24974E27-FF9A-44F4-BFE5-FA2B64C76D4A,Geology Professor
Alita,Larose,1943-05-08T00:00:00,0200E85A-2BF3-4614-BBCC-7A7E2ACDD844,"Chemical, Biological, Radiological, Nuclear (Cbrn)Specialist"
Mozell,Gilliam,1945-05-23T00:00:00,E938755E-8836-4DDD-A060-2D79ADDC1F95,Community Health Nurse
Regenia,Ludwig,1947-01-15T00:00:00,44896B85-F2FD-44EC-A620-B5791454529E,Commercial Credit Reviewer
Titus,Jeffers,1948-02-26T00:00:00,5A3004CB-2222-4874-92B2-D378B833DD65,African History Professor
Laree,Babin,1954-09-09T00:00:00,73E38BFF-A382-49E1-BAA0-CB9F71864F87,Wind Tunnel Technician
Roseline,Spooner,1955-08-11T00:00:00,2D5C729E-D501-41A8-8A01-AF4612BCFED6,Gas Main Fitter
Doreatha,Steen,1964-12-28T00:00:00,8266159C-F452-4F75-A91E-186E95F6B233,Hat Blocking Machine Operator
Lucius,Horne,1965-01-19T00:00:00,DB47765D-07A2-4087-A0C1-DA22574082E0,Production Control Manager
Britni,Richmond,1969-06-17T00:00:00,368BBEB1-F75F-4BB1-B199-B95062648913,Continuing Education Director
Shalon,Monk,1972-02-03T00:00:00,EC4697A5-A3BA-4F13-BADB-88A7BDD76BC3,Food Service Supervisor
Stefany,Rudd,1972-11-22T00:00:00,EDCC09DD-C920-4725-A492-0FD290A3F275,Electronic Parts Designer
Merri,Harness,1973-09-20T00:00:00,A1095014-4C0D-4C7D-8F7A-FA0764FBF9DD,Fruit Sorter
Ruthie,Tom,1975-06-24T00:00:00,098FFF82-76EB-49E5-9826-91AF18F81524,Reaming Machine Operator for Plastic
Rosy,Whittle,1978-11-18T00:00:00,BEE98F38-5949-4D75-8C58-AB7EACA9E315,Corn Picker
Cassidy,Kimball,1979-11-05T00:00:00,D11F52A3-2E3B-4A7E-9B3B-DE8838E4F3BD,Clinical Epidemiologist
Wendolyn,Bull,1984-05-22T00:00:00,5B8CD21C-4815-4E52-8AEA-85AFE8B478AB,Movie Critic
Sunday,Coates,1988-05-13T00:00:00,008EF930-61F4-4374-A348-2F338B144A2E,"Heating, Ventilation, and Air Conditioning (HVAC) Sheet Metal Installer"
Louetta,Moya,1989-07-01T00:00:00,82519C17-FCD0-48C2-B4B3-1781575C2C03,Paintings Conservator
Jeanna,Billups,1996-07-29T00:00:00,7D53FF25-B71E-4AF6-A697-24410B34E5B2,Carpentry Instructor
Sharmaine,Menendez,1924-03-10T00:00:00,E980D12F-EF9D-4C04-90CF-FB96192DAE4C,Drywall Stripper
Thanh,Crowell,1925-05-09T00:00:00,AC7A73E9-D558-410D-AFDB-46C6E19976DF,Employee Relations Specialist
Arnette,Block,1926-02-15T00:00:00,E85C8BFB-E27D-459B-A13D-B3A3CC0CD33F,Foil Stamp Operator
Florencia,Timmons,1932-11-10T00:00:00,CD4A9CBA-03CC-4BE0-95F1-2F751FD039F6,Property Appraiser
Bonny,Wiese,1933-09-09T00:00:00,988089AB-851C-4C67-A41D-F0209F1BF146,"Heating, Ventilation, and Air Conditioning (HVAC) Sheet Metal Installer"
Magali,Nagy,1937-05-10T00:00:00,126C8AE2-7F40-4135-834D-3ED292AF5895,Hydraulic Plumber
Natalia,Taft,1940-05-15T00:00:00,DE0D079D-CD68-4394-AC0B-E42846DAE37E,Ferris Wheel Operator
Donny,Herrick,1941-04-11T00:00:00,4CB5C2D6-80D2-4B66-9B20-0DED63FA6F2E,"Aviation Boatswain's Mate, Launching & Recovery Equipment"
Hellen,Alderman,1941-05-16T00:00:00,A9DF6F75-105E-4B5D-A56F-DA80B9A51B13,American History Professor
Curtis,Velasco,1942-06-09T00:00:00,A2389BB1-45E1-4C70-94AC-4CFB60F68E2D,Tripe Cooker
Stephaine,Stidham,1948-10-30T00:00:00,BD0E7021-C6A9-40C2-B2D0-BDA2A03EC159,Customer Relations Representative
Kaitlin,Dewey,1953-11-06T00:00:00,9E2CA8D1-E811-4CA2-AD91-7362A88688BB,Au Pair
Jerilyn,Mackay,1954-03-21T00:00:00,EDD88CFF-CE6D-46D6-8AC6-6F347F905118,Hydroelectric Machinery Mechanic
Desmond,Whatley,1954-10-15T00:00:00,D5F60D9F-224E-4A3E-B318-EDA07AA4FFBA,Elevator Service Technician
Nereida,Milne,1957-08-07T00:00:00,28EF01AB-9839-405A-8BD1-ED45D5243506,Trimming Operator
Rocky,Rickman,1961-01-09T00:00:00,D6792CD2-AE0E-475A-AA7C-A008FC798AFA,Precision Lens Centerer and Edger
Trudy,Clemmons,1967-03-23T00:00:00,2651C224-6430-431C-8BDB-649C0B791E64,Gaming Department Head
Alexis,Neff,1967-08-13T00:00:00,F9EE1C65-8C5E-448B-AB3C-E4CED57860E7,Gwot Support Assignment-Counter Rocket Artillery And Mortar (C-Ram)
Janita,Word,1973-01-28T00:00:00,B1EF1CF7-5FAD-450C-A461-633D3053FF87,Maxillofacial Pathology
Hildegarde,Talbert,1975-02-17T00:00:00,4E2A02E8-974C-4B66-8406-F91DB4467495,Dye Range Operator
Julio,Shell,1977-06-11T00:00:00,C05D5009-783B-43E9-9C9B-F327F9604514,Baseball Pitcher
Maragret,Moffett,1991-03-22T00:00:00,B3E98A92-EE87-4F98-A2F9-AB701CBF20A3,Cobbler
Nicholle,Doe,1991-06-16T00:00:00,2E732A4D-5C18-426C-90D6-186C8C6B6F80,News Commentator
Cinderella,Kimble,1993-08-26T00:00:00,AF4A9854-5017-4D9E-AD3A-D59250472C76,Deputy Bailiff
Jay,Glynn,2001-08-10T00:00:00,9676B0EF-D29A-40D9-BBAC-5F2A4763DF29,Abstract Searcher
Janene,Holliday,1923-09-11T00:00:00,A17111C1-5243-46EB-BDEA-09CBC1F1B0B5,Drywall Stripper
Denna,Hopper,1927-03-05T00:00:00,9E882867-129D-4EA3-9EB3-4FC503C27BE7,Employee Relations Specialist
Jocelyn,Derr,1928-07-30T00:00:00,05D9A39B-4839-4DFC-985E-2F75BFB57342,Foil Stamp Operator
Naida,Quinones,1929-06-04T00:00:00,064C0E97-5AAC-4875-B7FD-93225DAE40DD,Property Appraiser
Juliann,Mackey,1932-02-24T00:00:00,BEDA01FD-C0D4-4576-8283-A5B2D90B75D9,"Heating, Ventilation, and Air Conditioning (HVAC) Sheet Metal Installer"
Jimmy,Steffen,1932-08-02T00:00:00,4DACA3C9-FF7E-4457-A052-47A38942B711,Hydraulic Plumber
Anja,Starr,1934-08-03T00:00:00,C15521D4-DFA4-40D2-B27C-BEA7E0D098E1,Ferris Wheel Operator
Edda,Morse,1935-06-14T00:00:00,DBEE8910-20F2-4601-938C-50583AACE9C5,"Aviation Boatswain's Mate, Launching & Recovery Equipment"
Merlyn,Lundberg,1945-11-21T00:00:00,0881C946-4483-4190-A607-4E102E81CA08,American History Professor
Mitzi,Parham,1947-03-23T00:00:00,F1D72C04-F6A8-4530-88C2-71434C71D32D,Tripe Cooker
Gilma,Schumacher,1950-01-03T00:00:00,225C8B8B-7B3A-4E0E-9479-FBC7B88BDA95,Customer Relations Representative
Loreen,Mcfadden,1952-01-03T00:00:00,2BED4576-FE79-4A18-B422-ACB6567C3177,Au Pair
Antonietta,Wimberly,1952-01-28T00:00:00,214F4C4C-56BC-4A10-8865-ED64FE2AE30B,Hydroelectric Machinery Mechanic
Ashly,Berrios,1956-12-09T00:00:00,9CEF9259-FF13-4D37-9A61-BBFD2A455190,Elevator Service Technician
Fern,Cranford,1962-12-19T00:00:00,7673BF28-6ACA-4F2E-BEF6-DE51C1246C7F,Trimming Operator
Krissy,Cason,1965-10-22T00:00:00,4F367C59-E05E-4899-BF4A-00460AF1FE81,Precision Lens Centerer and Edger
Angele,Tackett,1968-01-03T00:00:00,1A43365C-2658-43B9-AF60-38D5127249F3,Gaming Department Head
Octavia,Maher,1970-05-15T00:00:00,E183F796-7042-41BA-960C-27A431DD0A74,Gwot Support Assignment-Counter Rocket Artillery And Mortar (C-Ram)
Ashlyn,Walling,1973-09-09T00:00:00,DBDED810-74AE-4799-B5DB-667B406CF222,Maxillofacial Pathology
Cassie,Needham,1978-07-31T00:00:00,0BB5D238-5751-41B7-B910-EAB59D7754AF,Dye Range Operator
Jeremy,Albrecht,1981-05-31T00:00:00,6321083B-49D0-4F46-9BC1-BCE212EB5B24,Baseball Pitcher
Giselle,Connolly,1987-05-10T00:00:00,CFF233F1-3096-44C5-BC74-ACD8C9CCC1E7,Cobbler
Sari,Silverman,1990-05-17T00:00:00,C26AA980-1763-4DBE-94E0-DE5DD89C67C9,News Commentator
Tarsha,Wheat,1999-06-14T00:00:00,A3910493-CEEA-4775-933F-6A3B9F7BB3EE,Deputy Bailiff
Sharan,Ernst,2002-08-23T00:00:00,69770573-5B92-478E-9D27-B9C9920DDDF3,Abstract Searcher
Dierdre,Akins,1923-06-02T00:00:00,C2141D6B-08D0-4B90-A6AA-E2E053E810B9,Drywall Stripper
Marcelle,Sperry,1926-02-03T00:00:00,9E48B525-707D-4F07-B46E-06FED6F10E62,Employee Relations Specialist
Brain,Greenberg,1931-07-14T00:00:00,CE4EF589-9F04-4ADE-BC02-25D39ED1C3D8,Foil Stamp Operator
Allena,Trimble,1932-09-02T00:00:00,3E501572-A769-4E90-82A7-4F8D28AF5FE1,Property Appraiser
Erin,Barnhill,1945-02-20T00:00:00,83D9584D-CAD2-4A17-8504-62F34D36BA98,"Heating, Ventilation, and Air Conditioning (HVAC) Sheet Metal Installer"
Mikki,Cagle,1949-09-28T00:00:00,175EC18E-015C-45E9-9C5D-99FFEEF64294,Hydraulic Plumber
Ciara,Guy,1957-08-12T00:00:00,1D7191BE-A2FC-4A17-8983-BB22D111E580,Ferris Wheel Operator
Elliot,Cambell,1962-08-07T00:00:00,2A7F145A-A720-48D8-99B0-DF10E330AF0B,"Aviation Boatswain's Mate, Launching & Recovery Equipment"
Rudy,Cone,1965-05-19T00:00:00,6F47F5AE-2B08-40FC-844C-CE9EB96E5D80,American History Professor
Katelin,Zeller,1966-04-12T00:00:00,BFD15EF1-2AC6-404A-9B4D-EEE2F38777C8,Tripe Cooker
Classie,Mccracken,1970-04-09T00:00:00,83E3D59D-9BAC-4CAE-AC9E-C19DC14021A7,Customer Relations Representative
Cassaundra,Waterman,1973-11-10T00:00:00,9B04D9E5-1D3E-43F5-91B1-F5BE4A316054,Au Pair
Charita,Edgar,1974-03-21T00:00:00,FB53B5F1-FF8A-4DF3-8E79-7C875CEA97C4,Hydroelectric Machinery Mechanic
Teressa,Roller,1974-05-08T00:00:00,8ACAA02B-E228-4F91-961F-A3585106C226,Elevator Service Technician
Aisha,Drew,1975-04-29T00:00:00,C16001E3-A72F-4310-9467-5E195D5A984C,Trimming Operator
Concha,Atchison,1975-08-19T00:00:00,625618FD-CF18-49D3-B2BC-E9F3FED054F6,Precision Lens Centerer and Edger
Laquanda,Stern,1975-10-09T00:00:00,19685484-F36D-46DF-AB77-347C372E1C0A,Gaming Department Head
Kamala,Broughton,1976-11-02T00:00:00,4C97DBE6-58DB-4802-84D2-44454D435D6F,Gwot Support Assignment-Counter Rocket Artillery And Mortar (C-Ram)
Candis,Kraft,1977-01-07T00:00:00,D68ADE31-07AC-40E1-A4E1-91F80A454230,Maxillofacial Pathology
Tenesha,Good,1978-04-09T00:00:00,43CA7CC3-3CA5-4632-9714-25D572566C6A,Dye Range Operator
Tarra,Martindale,1978-12-13T00:00:00,CB6B5BCE-9D64-4366-B1F7-1E6010D7547E,Baseball Pitcher
Flo,Kuykendall,1979-04-22T00:00:00,ABC4275F-DC29-4D56-BC0F-FACC3C6192F3,Cobbler
Nicky,Valencia,1979-06-25T00:00:00,7923341D-9ADB-401C-8E5E-F553FB668319,News Commentator
Pauletta,Cooney,1990-04-06T00:00:00,11B24AE9-22AD-474D-A30A-8A2501703339,Deputy Bailiff
Digna,Hamlin,1999-11-05T00:00:00,AD4AD331-A6B6-4BB2-A714-F54E1056C1A9,Abstract Searcher